Title,Removed amounts and measurements
Classic Burrata Pizza,"['pizza dough','pizza sauce','mozzarella','parmesan','burrata','basil']"
Incredible Jalapeno Pizza,"['pizza dough','oil','zucchini','salt','oregano','pepper','corn','onion','salsa','mozzarella','feta','cilantro']"
Ultimate Spinach Pizza,"['pizza dough','spinach','garlic','oregano','milk','salt','pepper','onion','pepper','garlic','mozzarella','parmesan']"
Perfect Pan Pizza,"['flour','yeast','salt','oregano','garlic','water','oil','mushroom','oil','fennel','pepper','onion','pizza sauce','mozzarella','parmesan','oregano']"
Flatbread Pizza,"['bread','oil','clove','mozzarella','tomato','onion','arugula','parmesan','balsamic reduction, to garnish','pine nuts']"
Easy Eggplant Pizza,"['egg','oil','oregano','pizza sauce','mozzarella','parmesan','basil','salt']"
Best Ricotta Pizza (3 Cheese!),"['pizza dough','milk','salt','pepper','garlic','mozzarella','parmesan','artichoke hearts','basil','honey']"
Naan Pizza,"['garlic','pizza sauce','mozzarella','parmesan','basil','arugula','pesto','mushroom','taco','spinach','egg','avocado','mediterranean','breakfast pizza','vegan pizza']"
Everything Basil Pizza,"['pizza dough','pesto','mozzarella','parmesan','basil','flour','basil']"
Best Healthy Pizza Recipe,"[' ball easy thin crust dough','pizza sauce','pepper','pepper','onion','garlic','oil','oregano','capers','parmesan','arugula','salt','oil','flour']"
Neapolitan Pizza Recipe,"['pizza dough','pizza sauce','mozzarella','salt','basil','flour']"
Truffle Pizza,"['pizza dough','mushroom','garlic','chives','oil','mozzarella','parmesan','flour','oil','salt']"
Mushroom Pizza with Fresh Herbs,"['pizza dough','mushroom','oregano','salt','oil','lemon','cheese','mozzarella','chives','flour']"
Homemade Cheese Pizza,"['pizza dough','pizza sauce','mozzarella','mozzarella','garlic','oregano','salt','flour']"
Spinach Artichoke Pizza,"['pizza dough','garlic','oil','spinach','artichokes','mozzarella','parmesan','salt','flour']"
Best Ever Taco Pizza,"['pizza dough','beans','cheddar','onion','olives','romaine','tomato','ranch dressing','corn','hot sauce','salt','flour']"
Veggie Supreme Pizza,"['pizza dough','pizza sauce','mushroom','oil','fennel','pepper','pepper','onion','mozzarella','feta','oregano','salt','flour']"
Artichoke and Cherry Tomato Pizza,"['pizza dough','pizza sauce','cheese','parmesan','artichoke hearts','tomato','basil','flour']"
Italian Pizza Recipe (Make it Like a Pro!),"['pizza dough','pizza sauce','mozzarella','pesto','flour']"
Mediterranean Pizza,"['pizza dough','pizza sauce','oil','spinach','onion','olives','tomato','mozzarella','feta','basil','salt','flour']"
Thin Crust Pizza Dough (with Video!),"['flour','yeast','salt','water','oil','flour','for the toppings, refer to our homemade pizzas']"
Breakfast Pizza,"['pizza dough','pizza sauce','egg','oil','onion','pepper','pepper','mozzarella','fennel','salt','flour']"
California Veggie & Avocado Pizza,"['pizza dough','pepper','pepper','onion','basil','pizza sauce','mozzarella','cheese','avocado','salt','flour']"
Pesto Pizza Recipe,"['pizza dough','pesto','mozzarella','tomato','parmesan']"
Ultimate Vegan Burrito,"['ice','mushroom','onion','pepper','beans','oil','cumin','garlic','onion','paprika','salt','lime','avocado','flour','cilantro']"
Epic Fish Tacos,"['cod','chili','cumin','garlic','salt','cabbage','carrot','onion','lime','celery','cilantro','corn','cilantro','lime']"
Vegan Fajitas (on a Sheet Pan!),"['onion','pepper','cauliflower','mushroom','oil','chili','cumin','paprika','garlic','onion','salt','avocado','lime','salt','cilantro','flour','beans']"
Easy Egg Tacos (in 5 Minutes!),"['egg','chili','garlic','cumin','salt','oil','flour','pico de gallo','onion','cilantro','hot sauce']"
Easy Tilapia Fish Tacos,"['tilapia','fajita seasoning','salt','cabbage','carrot','onion','lime','celery','cilantro','tortilla','cilantro']"
Easy Grilled Fish Tacos,"['cod','oil','fajita seasoning','salt','cabbage','lime','pico de gallo','cilantro','tortilla','cilantro','avocado']"
Crispy Avocado Tacos,"['avocado','beans','adobo sauce','cumin','chili','salt','romaine','pico de gallo','flour','cream','lime','cilantro','cumin','garlic','salt']"
Best Jackfruit Tacos,"['water','onion','clove','gin','adobo sauce','cocoa','tomato','cumin','oregano','salt','water','tortilla','romaine','cilantro','salsa','beans']"
Quick Shrimp Tacos! (Fast & Easy Dinner),"['cream','cabbage','onion','garlic','shrimp','old bay seasoning','cumin','salt','butter','lime','tortilla','cilantro']"
Grilled Shrimp Tacos,"['shrimp','oil','cumin','garlic','chili','salt','cabbage','tortilla','mayonnaise','hot sauce','cilantro','lime']"
Cauliflower Tacos with Yum Yum Sauce,"['cauliflower','beans','cumin','cabbage','lime','chipotle sauce','corn','cilantro']"
Loaded Quinoa Tacos,"['quinoa','broth','coconut','cumin','garlic','salt','onion','lime','pepper','simply nature organic spring mix','salsa','cream','feta','onion','corn']"
Healthy Instant Pot Tacos (Plant Based!),"['ice','tomato','lettuce','onion','corn','salsa','feta','cilantro','avocado']"
Egg Taco with Salsa Fresca,"['egg','salt','pepper','butter','tortilla','tomato']"
Grilled Mango Tacos with Dream Sauce,"['clove','beans','gin','salt','pepper','honey','onion','cilantro','lime','cumin','salt','gin','water','honey','gin','chipotle powder','salt','tortilla','radishes','cilantro']"
Scrambled Egg & Asparagus Tacos,"['asparagus','chives','yogurt','milk','egg','butter','corn','salt','pepper']"
Easy Vegan Tacos,"['lentils','oil','cumin','garlic','salt','pepper','corn','onion','cabbage','salsa','cilantro','avocado']"
Spiced Chickpea Tacos with Avocado Cream,"['peas','paprika','garlic','oregano','onion','cumin','salt','oil','tea','pepper','avocado','yogurt','cilantro','lime','jalapeno','salt','garlic','cabbage','lime','salt','corn']"
Refried Bean Tacos,"['beans','cabbage','pepper','pepper','lime','salt','pepper','corn','cilantro','cream','adobo sauce']"
Grilled Vegetable Healthy Tacos,"['lentils','oil','ketchup','chili','cumin','garlic','salt','tea','pepper','squash','zucchini','onion','oil','salt','pepper','tortilla','onion','cilantro']"
BBQ Bean Tacos with Pineapple Salsa,"['beans','dijon mustard','maple syrup','ketchup','garlic','chili','salt','apple','onion','cilantro','cabbage','radishes','lime','tortilla']"
Chickpea & Veggie Tacos,"['peas','gin','garlic','cumin','carrot','corn','mango','radishes','cilantro','sriracha','salt','pepper','yogurt','cilantro','scallions','garlic','coriander','lime','oil','salt','honey']"
Tofu Tacos with Chipotle Sauce,"['tofu','soy sauce','maple syrup','hot sauce','apple','oil','cumin','salt','chipotle sauce','cabbage','pepper','orange','spinach','corn','cilantro']"
Tacos Rancheros Recipe,"['pepper','onion','clove','oil','chili','oregano','cumin','pepper','tomato','apple','cabbage','radishes','cilantro','lime','avocado','butter','egg','feta','corn','salt','pepper']"
Lentil Tacos,"['lentils','taco','onion','clove','oil','ketchup','corn','cream']"
Superfood Veggie Quesadilla,"['potato','spinach','oil','garlic','cumin','beans','flour','apple','salt']"
Chipotle Quesadilla with Avocado,"['chipotle sauce','beans','cumin','oil','salt','avocado','cheese','corn','tortilla','cilantro']"
Brie & Mushroom Quesadilla,"['oil','mushroom','rosemary','salt','pepper','flour','brie','arugula','honey','parsley']"
Greek Quesadillas,"['tortilla','spinach','onion','pepper','olives','mozzarella','feta','oregano','pepper']"
Ultimate Rainbow Vegetable Sandwich,"['radishes','apple','sugar','salt','pepper','pepper','oil','salt','cheese','oil','basil','oregano','bread','avocado','lettuce','onion']"
Avocado Club Sandwich,"['bacon','bread','avocado','tomato','mayonnaise','lettuce','cheddar','cheese']"
5 Minute Pesto Breakfast Sandwich,"['oil','egg','grain','pesto','arugula','salt']"
Brownie Ice Cream Sandwich,"['walnut','cocoa','medjool dates','salt','cola']"
Vegan BLT Sandwich Recipe,"['oil','soy sauce','liquid smoke','hot sauce','cumin','pepper','tea','tempeh','bread','tomato','lettuce','mayonnaise']"
Vegetarian Reuben Sandwich,"[' easy russian dressing','sauerkraut','bread','cheese','butter']"
World's Best Tuna Melt,"['tuna','onion','dill','yogurt','mayonnaise','dijon mustard','salt','tomato','bread','cheddar']"
Vegan Shepherd's Pie (Best Ever!),"['potato','oil','mushroom','onion','carrot','salt','flour','fennel','paprika','garlic','sage','broth','peas','lentils','soy sauce','rosemary']"
Amazing Tomato Pie,"['flour','salt','baking powder','tea','butter','water','tomato','egg','mayonnaise','garlic','onion','salt','chives','dijon mustard','parmesan','mozzarella','basil']"
Classic Vegan Apple Pie,"['flour','salt','baking powder','coconut','water','apple','corn','sugar','cinnamon','gin','salt','vanilla','tea']"
Best Vegan Pot Pie,"['flour','salt','baking powder','sage','coconut','water','shallot','beans','oil','potato','potato','onion','pepper','mushroom','garlic','paprika','tea','flour','broth','soy sauce','salt']"
Vegetarian Pot Pie Recipe,"['flour','salt','baking powder','sage','butter','water','shallot','beans','oil','potato','carrot','onion','pepper','oregano','flour','broth','peas','salt','pesto','parmesan']"
Vegetable Pot Pie Recipe,"['carrot','parsnip','onion','ale','mushroom','clove','beans','oil','salt','flour','wine','soy sauce','tomato','tea','sage','broth','pepper','flour','flour','corn','baking powder','salt','butter','parmesan','butter']"
Ultimate Falafel Sandwich,"[' classic falafel','bread','cilantro','hummus','tomato','cucumber','onion','cilantro','harissa']"
Classic Falafel (Restaurant-Style!),"['peas','clove','onion','cilantro','cilantro','cumin','coriander','baking powder','salt','pepper','oil','dill']"
Vegan Enchiladas (Best Ever!),"['enchilada sauce','oil','mushroom','onion','pepper','beans','garlic','cumin','onion','paprika','salt','lime','water','guacamole','flour','cilantro','cream']"
Vegetarian Enchiladas with Quinoa,"['water','quinoa','salt','onion','tomatillos','chile','vegetable stock','salt','tea','artichoke hearts','gin','corn','cheese','cilantro','feta','cayenne','lime','cream']"
Vegetarian Skillet Enchiladas,"['clove','onion','zucchini','pepper','pepper','cilantro','beans','corn','oil','tea','cumin','oregano','salt','corn','enchilada sauce','cheddar','cream']"
Sweet Potato Black Bean Enchiladas,"['potato','onion','beans','cilantro','chili','cumin','chili','garlic','salt','pepper','salsa','cheese','flour','cream']"
Ricotta Dumplings with Kale Pesto,"['ale','clove','walnut','parmesan','salt','lemon','vinegar','oil','egg','egg','ricotta','parmesan','tea','salt','flour','ale','nutmeg','tea','oil','salt']"
Favorite Spaghetti Squash Lasagna,"['spaghetti','oil','ricotta','parmesan','oregano','salt','spaghetti','mozzarella','basil']"
Perfect Zucchini Lasagna,"['clove','butter','tomato','tomato','tea','oregano','salt','arrowroot','zucchini','thyme','tea','ricotta','parmesan','mozzarella','nutmeg','pepper']"
Favorite Vegan Lasagna (Easy & Dairy Free!),"['mushroom','cashews','rosemary','gin','spinach','salt','tea','garlic','marinara','tomato','oil','garlic','oregano','pepper']"
Mexican Lasagna,"['oil','beans','corn','cheddar','onion','cilantro','tomato','oregano','garlic','salt','hot sauce']"
Spicy Kale Lasagna,"['ale','clove','oil','tea','salt','tomato','tea','cheese','parmesan','mozzarella','tea','oil']"
Vegetarian Spinach Quiche with Almond Crust,"['flour','clove','thyme','salt','pepper','pepper','oil','oil','shallot','clove','mustard greens','wine','milk','egg','gruyere','nutmeg','salt','pepper']"
Roasted Poblano and Corn Calzones,"['pizza dough','pepper','onion','oil','corn','cumin','oregano','garlic','chili','salt','cheese','egg']"
Easy Calzone Recipe,"['pizza dough','mushroom','clove','spinach','oil','basil','pizza sauce','mozzarella','parmesan','egg','salt']"
,['']
Pear and Gorgonzola Cheese Pizza,"['pizza crust','cheese','pear','walnut','gorgonzola','chives']"
Veggie Pizza,"['roll','cream','cream','dill','garlic','ranch dressing','onion','celery','radishes','pepper','broccoli','carrot']"
Four Cheese Margherita Pizza,"['oil','garlic','salt','tomato','pizza crust','mozzarella','fontina','basil','parmesan','feta']"
Jan's Jalapeno Popper Pizza,"['bacon','onion','clove','cumin','oregano','tea','cream','cream','pizza dough','mozzarella','cheddar','jalapeno','parsley']"
Eggs Benedict Breakfast Pizza,"['egg','butter','roll','hollandaise sauce','milk','butter','ham','cheddar']"
"Pizza with Ham, Asparagus, and Ricotta","['asparagus','ricotta','oil','clove','pepper','pepper','cream','rosemary','pizza dough','flour','ham','cheddar','egg']"
Butternut Squash Pizzas with Rosemary,"['onion','butter','rosemary','pepper','oil','pizza crust','corn','parmesan']"
Jimmy's Mexican Pizza,"['beef','onion','garlic','chili','cumin','paprika','tea','tea','beans','flour','salsa','cheddar','monterey jack','onion','tomato','jalapeno','cream']"
Hummus Pizza,"['pizza crust','hummus','pepper','broccoli','monterey jack']"
Reuben Pizza,"['bread','thousand island dressing','cheese','beef','sauerkraut','tea','dill']"
Waffle Pizzas,"['pizza dough','pizza sauce','mozzarella','pepper']"
Poutine Pizza,"['flour','water','egg','yeast','sugar','french fries','cooking spray','bacon','cheese','pizza sauce','beef']"
Mexican Pizza,"['beans','salsa','pizza crust','lettuce','onion','ranch dressing','rum','monterey jack']"
Pierogi Pizza,"['yeast','tea','water','flour','tea','oil','potato','oil','cream','garlic','monterey jack','onion','bacon']"
Fish Tacos,"['flour','corn','baking powder','tea','egg','beer','yogurt','mayonnaise','lime','jalapeno','capers','oregano','cumin','dill','cayenne','oil','cod','corn','cabbage']"
Double Decker Tacos,"['beef','taco','beans','water','taco','avocado','cream','lime','pepper','flour','cheddar','lettuce','tomato','onion','cream']"
Spicy Dorito® Taco Salad,"['beef','garlic','chili','tea','lettuce','tortilla','cheese','beans','tomato','onion','jalapeno','oil','sugar','ketchup','taco','vinegar','worcestershire sauce']"
Tasty Lentil Tacos,"['oil','onion','garlic','lentils','taco','chicken','salsa','taco']"
Taqueria Style Tacos - Carne Asada,"['tea','vinegar','soy sauce','clove','lime','oil','tea','tea','tea','garlic','chili','oregano','cumin','paprika','onion','cilantro','lime','tomato','jalapeno','onion','clove','chile','salt','corn','cheese','lime']"
Dee's Roast Pork for Tacos,"['pork','chili','chili','oregano','tea','garlic','tea']"
Turkey and Yam Spicy Tacos,"['ice','oil','turkey','onion','garlic','jalapeno','chili','cumin','tea','tea','salsa','cilantro','flour']"
Tasty Ground Turkey Tacos,"['turkey','tomato','water','pepper','onion','taco','garlic','corn','lettuce','cheddar','tomato','onion','cilantro','olives']"
Easy Keto Beef Tacos,"['cheddar','beef','taco','tea','tea','avocado','lettuce','cheddar','tomato']"
Tater Tot Taco Casserole,"['beef','onion','garlic','taco','corn','beans','cheese',' package frozen tater tots','enchilada sauce']"
Taco Salad I,"['beef','taco','chili',' bottle french dressing','lettuce','tortilla','cheddar','tomato','cream','salsa']"
Taco Salad III,"['beef','taco','lettuce','onion','onion','beans','beans','tomato','avocado','cheddar','corn',' bottle catalina salad dressing']"
Irish Tacos,"['yogurt','mayonnaise','lime','cilantro','cayenne','salt','beef','flour','prepared coleslaw']"
Shredded Spam® Tacos,"['cooking spray','luncheon meat','taco','water','flour','lettuce','cheddar','tomato','onion','olives']"
Lobster Tacos,"['lobster','pepper','chile','tomato','onion','monterey jack','flour','avocado','lettuce']"
Navajo Tacos,"['beans','water','chili','cumin','oregano','garlic','onion','pepper','flour','baking powder','salt','water','lard','cheddar','tomato','onion','lettuce']"
Easy Tacos,"['beef','tomato',', ',', ',', ']"
Steak Taco,"['tea','tea','cooking spray','lime','oil','clove','salt','lettuce','cabbage','avocado','onion','scallions','corn']"
Tongue Tacos,"['beef','tomato','onion','cilantro','oil','salt','corn','lemon']"
Eggplant Tacos,"['oil','onion','lemon','clove','jalapeno','egg','cumin','paprika','chili','tea','salt']"
Indian Tacos,"['flour','baking powder','tea','tea','water','oil','beef','chili','beans','cheddar','lettuce','tomato','cream']"
Lentil Tacos,"['chile','cumin','coriander','oregano','tea','fennel','oil','onion','clove','lentils','tomato','water','adobo sauce','hot sauce','flour','lettuce','tomato','cilantro','guacamole','lime']"
Pork Tacos,"['pork','potato','salt','taco','lettuce','tomato','cream']"
Cowboy Tacos,"['pork','taco','oil','salsa','chili','apricot preserves','taco','olives']"
Italian Tacos,"['sage','beef','tomato','tea','taco','mozzarella','italian seasoning']"
Avocado Tacos,"['avocado','onion','garlic','corn','cilantro','jalapeno']"
Taco Pie,"['roll','beef','taco','cream','cheese','tortilla']"
Chicken Quesadillas,"['chicken','fajita seasoning','oil','pepper','pepper','onion','flour','cheddar','bacon','monterey jack']"
Black Bean and Corn Quesadillas,"['oil','onion','beans','corn','sugar','salsa','tea','butter','flour','monterey jack']"
Pico de Gallo Chicken Quesadillas,"['tomato','onion','lime','cilantro','jalapeno','salt','oil','chicken','onion','pepper','clove','flour','monterey jack','cream']"
Bean Quesadillas,"['oil','onion','clove','beans','pepper','tomato','corn','flour','cheddar','oil']"
Vegan Black Bean Quesadillas,"['beans','tomato','garlic','yeast','cumin','chili','salt','cayenne','beans','tomato','oil','tortilla','cooking spray']"
Farmer's Market Vegetarian Quesadillas,"['pepper','zucchini','squash','onion','mushroom','oil','cooking spray','tortilla','cheddar']"
"Ham, Egg, and Cheese Quesadillas","['egg','water','tea','tea','butter','tortilla','cheddar','ham']"
Shrimp Quesadillas,"['oil','onion','pepper','pepper','tea','cumin','chili','shrimp','jalapeno','lime','tea','flour','cheese']"
Samosadilla (Samosa Quesadilla),"['potato','salt','oil','butter','onion','salt','garam masala','cumin','coriander','tea','cayenne','pepper','clove','gin','peas','cilantro','lemon','cilantro','mint','onion','pepper','lime','yogurt','salt','flour','oil']"
Quesadillas II,"['chicken','oil','onion','salsa','flour','cheddar']"
Jalapeno Popper Quesadillas,"['jalapeno','butter','flour','cream','cheese','tortilla']"
Fajita Quesadillas,"['oil','onion','pepper','salt','flour','tea','cheese']"
Texas Chicken Quesadillas,"['oil','onion','honey','chicken','barbeque sauce','cheddar','monterey jack','flour']"
Slow Cooker Chicken Quesadillas,"['enchilada sauce','water','taco','chicken','flour','cheese']"
Thanksgiving Quesadilla,"['flour','cheddar','turkey','cranberry sauce','jalapeno','onion','cilantro']"
Vegetable Quesadillas,"['zucchini','broccoli','pepper','carrot','onion','mushroom','flour','cheddar','monterey jack']"
Mango Quesadillas,"['beans','oil','onion','pepper','chili','cayenne','oregano','basil','mango','chicken','flour','cheddar','arugula','jalapeno','salsa']"
Cheeseburger Quesadillas,"['beef','onion','garlic','salt','cheddar','mozzarella','milk','butter','flour','thousand island dressing','lettuce','tomato','onion']"
Carbonara Quesadillas,"['chicken','tea','tea','oil','bacon','mushroom','alfredo sauce','butter','flour','mozzarella']"
Quesadillas on the BBQ,"['salsa','flour','onion','pepper','pepper','tomato','cilantro','chives','olives','shrimp','cheddar','cream']"
Farmer's Market Vegetarian Quesadillas,"['pepper','zucchini','squash','onion','mushroom','oil','cooking spray','tortilla','cheddar']"
Mexican Quesadilla Casserole,"['cooking spray','beef','onion','tomato','beans','cilantro','corn','chile','chili','cumin','garlic','oregano','tea','flour','cheddar']"
Mushroom and Goat Cheese Quesadillas,"['onion','mushroom','clove','pepper','gin','vinegar','cheese','cream','flour','mozzarella']"
Bacon and Tomato Quesadillas,"['flour','cheese','tomato','bacon','basil','oil','cream']"
Andouille and Poblano Quesadillas,"['oil','sage','ice','pepper','onion','corn','flour','cheese','oil','cream','salsa']"
Tina's Halloween Quesadillas,"['potato','tomato','cheddar','beans','salsa']"
BBQ Chicken Quesadilla,"['grain',', ',', ',', ',', ']"
Apple Cinnamon Brie Quesadillas,"['butter','flour','brie','apple','sugar','cinnamon']"
Barbeque Bacon Quesadillas,"['oil','onion','bacon','sugar','flour','barbeque sauce','cilantro','cheddar']"
Spinach Whole Wheat Quesadillas,"['tortilla','spinach','cheddar','onion','garlic','chili']"
Street-Market Fried Quesadillas,"['oil','onion','pepper','corn','chile','garlic','beef','adobo sauce','oil','corn','mozzarella','onion','cilantro','salsa','cream']"
Peanut Butter Banana Quesadilla,"['butter','flour','banana','cooking spray']"
Cheese 'N Rice Quesadillas,"['water','t believe it','ice','chile','flour','monterey jack']"
Smoked Andouille Quesadilla,"['chicken','tomato','cheese','pepper','avocado','carrot','salsa','cream']"
Southwestern Corned Beef Quesadillas!,"['beef','flour','monterey jack','chili']"
Smokehouse Burger Quesadillas,"['beef','onion','barbeque sauce','flour','cheddar','onion']"
Philly Cheesesteak Quesadillas,"['beef','onion','pepper','barbeque sauce',', ']"
Caramelized Onion and Jalapeno Quesadillas,"['butter','onion','jalapeno','oil','flour','cheese']"
Quick Caribbean Quesadillas,"['honey','apple','flour','cheese','butter','chicken','bacon','apple']"
Cheesy Bacon-Bean Quesadillas,"['flour','beans','cheese','bacon','scallions','butter','cream']"
Barbecue Portobello Quesadillas,"['barbecue sauce','tomato','vinegar','adobo sauce','oil','mushroom','onion','tortilla','monterey jack','oil']"
Peanut Butter Quesadillas,"['butter','flour','butter','jelly']"
Margarita Chicken Quesadillas,"['bottled margarita mix','lemon','lime','garlic','oil','chicken','flour','cheddar','monterey jack']"
Guacamole Chicken Melt,"['butter','oil','chicken','tea','avocado','lime','tomato','onion','garlic','salt','cheese']"
How to Make a Tuna Melt,"['oil','onion','celery','capers','chile','mayonnaise','mozzarella','pepper','butter','bread','cheddar','cayenne']"
California Melt,"['bread','avocado','mushroom','almond','tomato','cheese']"
Chicken Fajita Melts,"['oil','chicken','onion','pepper','tomato','taco','salsa','bread','cheddar']"
St. Patty Melt,"['ale','mustard greens','butter','clove','onion','pepper','cayenne','ice','bread','cheddar']"
The Munroe Melt,"['roll','dijon mustard','turkey','cheese','ham','mayonnaise','beef','tomato','cheese']"
Mary Pat's Tuna Melt,"['oil','mayonnaise','dijon mustard','dill','onion','bread','cheddar','cream','potato','mayonnaise']"
Mushroom Melt Stuffed Chicken,"['butter','onion','mushroom','tea','tea','rum','chicken','ham','cheese','bacon']"
Tuna Melts,"['bread','onion','tuna','mozzarella','mayonnaise']"
Tuna Panini Melt,"['water','mayonnaise','vinegar','onion','dill','bread','cheese']"
Ham and Cheddar Cranberry Melt,"['bread','butter','grain','ham','cheddar','cranberry sauce','assorted salad greens']"
Tuna Pita Melt,"['bread','tuna','dill','mayonnaise','oil','garlic','rosemary','cheese']"
Tex-Mex Patty Melts,"['beef','chili','adobo sauce','beer','mayonnaise','adobo sauce','bread','cheese']"
Crab and Swiss Melts,"['cream','crabmeat','garlic','salt','pepper','bread','cheese','parsley']"
,['']
Grands!® Ham and Cheese Melts,"['biscuit','cheese','ham','egg','tea']"
Sunshine Hummus Melts,"['bread','hummus','apple','cheddar']"
Grands!® Easy Taco Melts,"['beef','salsa',', ']"
Olive Cheese Melts,"['olives','onion','cheddar','tea','mayonnaise','tea','english muffins']"
Reuben Sandwich II,"['butter','bread','beef','cheese','sauerkraut','thousand island dressing']"
Grilled Turkey Reuben Sandwiches,"['sauerkraut','turkey','butter','bread','cheese','thousand island salad dressing']"
Pastrami-Spiced Duck Breast Reuben,"['duck','oil','pepper','coriander','salt','paprika','tea','cayenne','oil','sherry','dijon mustard','pepper','cabbage','russian salad dressing, or more to taste','tea','bread','cheese']"
Turkey Reuben Burgers,"['turkey','garlic','thousand island salad dressing','rum','garlic','rum','oil','mozzarella','onion','pepper','butter','bread','sauerkraut']"
Mom's Chicken Pot Pie,"['butter','onion','flour','tea','tea','chicken','milk','chicken','carrot','potato','pastry']"
Chicken Pot Pie IX,"['chicken','carrot','peas','celery','butter','onion','flour','tea','tea','celery','chicken','milk','pie crust']"
Dad's Leftover Turkey Pot Pie,"['carrot','beans','celery','butter','onion','flour','tea','tea','celery','onion','tea','chicken','milk','turkey','pie crust']"
Turkey Pot Pie I,"['pastry','butter','onion','celery','carrot','parsley','oregano','salt','chicken','water','potato','turkey','flour','milk']"
Mahi Mahi Pot Pie,"['oil',' mahi mahi fillets','tea','pepper','cream','milk','potato','pie crust']"
Grandma Carlson's Turkey Pot Pie,"['flour','tea','vegetable shortening','butter','water','butter','carrot','onion','celery','tea','flour','turkey','butter','chicken','beans','cream','corn','parsley','thyme']"
Easy Vegetable Pot Pie,"['cream','vegetables','milk','tea','tea','pie crust','egg']"
Left-Over Turkey Pot Pie,"['butter','onion','mushroom','garlic','flour','sage','tea','turkey','water','milk','vegetables','turkey','pepper','pastry']"
Veggie Pot Pie,"['oil','onion','mushroom','garlic','carrot','potato','celery','cauliflower','beans','broth','salt','tea','corn','soy sauce','pastry']"
To-Die-For Chicken Pot Pie,"['carrot','celery','peas','beans','corn','onion','potato','chicken','tea','tea','tea','chicken','water','pie crust','chicken','butter','egg','milk']"
Chicken Pot Pie IV,"['pastry','carrot','broccoli','chicken','chicken','milk','cheddar','tea']"
"Simple, Classic Chicken Potpie","['chicken','pie crust','oil','onion','celery','chicken','milk','butter','flour','tea','sherry','salt','parsley','carrot']"
Easy Weeknight Chicken Pot Pie,"['pie crust','chicken','flour','poultry seasoning','tea','chicken']"
Gram's Chicken Pot Pie,"['chicken','pie crust','cream','peas','water','chicken']"
Jambalaya Pot Pie,"['ice','water','sage','butter','flour','milk','cajun seasoning','chicken','liquid smoke','onion','pepper','clove','shrimp','pastry','egg']"
Speedy Chili Pot Pie,"['turkey','corn','milk','egg','cheddar','cream']"
Pheasant Pot Pie,"['chicken','pheasant, cut into bitesize pieces','carrot','celery','peas','butter','onion','flour','milk','tea','rosemary','tea','sage','celery','pie crust','egg']"
Salmon Pot Pie,"['ice','salmon','oil','butter','carrot','celery','leek','shallot','flour','cream','dill','lemon','pepper','shrimp','salmon','pastry']"
Chicken and Bacon Pot Pie,"['bacon','mushroom','potato','onion','carrot','clove','flour','chicken','cream','chicken','pie crust']"
Turkey Pot Pie With Mayonnaise,"['turkey','carrot','beans','celery','pepper','cheddar','garlic','dill','tea','mayonnaise','flour','vegetable shortening','water']"
Tuscan Pot Pie,"['sage','spaghetti','beans','tea','mozzarella','roll']"
Jody's Chilean Pot Pie,"['raisins','beef','pastry','beef','paprika','cumin','salt','pepper','olives','butter','flour','ramekins']"
Samosa Pot Pie,"['butter','onion','clove','tea','tea','carrot','potato','milk','halfandhalf','coriander','cumin','tea','garam masala','gin','peas','pastry']"
Mini Pork Pot Pie,"['biscuit','garlic','broccoli','broccoli','cheddar']"
Tofu Vegetable Pot Pie,"['butter','onion','celery','clove','tofu','potato','oregano','pepper','flour','milk','broth','vegetables','pastry']"
Root Vegetable Pot Pie,"['carrot','onion','potato','parsnip','turnip','celery','lentils','clove','oregano','rosemary','tea','water','tea','biscuit','cheese']"
Beef Pot Pie I,"['pastry','oil','onion','garlic','mushroom','carrot','celery','potato','beef','bay leaf','oregano','dry marsala','parsley','egg']"
Cornbread Chicken Pot Pie,"['chicken',', ',', ',', ',', ',', ']"
Chef John's Falafel,"['beans','onion','parsley','clove','flour','tea','tea','cumin','coriander','baking soda','cayenne','oil']"
Vegan-Friendly Falafel,"['beans','onion','potato','clove','cilantro','coriander','cumin','tea','tea','cayenne','tea','oil','flour','baking soda','oil']"
Waffled Falafel,"['cooking spray','peas','onion','egg','cilantro','parsley','clove','flour','cumin','tea','coriander','tea','cayenne','cardamom']"
Baked Falafel,"['onion','beans','parsley','clove','cumin','coriander','tea','baking soda','flour','egg','oil']"
Southwestern Falafel,"['oil','onion','pepper','egg','clove','taco','baking powder','oil','cumin','tea','cayenne','beans','hot sauce','rum']"
Buffalo Chicken Wraps,"['oil','butter','chicken','hot sauce','flour','lettuce','celery','cheese']"
B.L.A.T. Wraps,"['bacon','flour','ranchstyle salad dressing','avocado','tomato','lettuce']"
Chef John's Chicken Lettuce Wraps,"['chicken','chestnuts','mushroom','onion','onion','soy sauce','gin','sugar','chicken','ice','clove','ketchup','soy sauce','oil','sugar','tea','tea','oil','cilantro','basil','onion','lettuce']"
Simple Sweet and Spicy Chicken Wraps,"['mayonnaise','cucumber','honey','cayenne','pepper','oil','chicken','salsa','honey','cayenne','flour','spinach']"
Quick Asian Lettuce Wraps,"['water','ice','oil','pork','onion','garlic','tofu','carrot','hoisin sauce','soy sauce','oil','tea','lettuce']"
Emmi's Banana Wraps,"['butter','honey','coconut','granola','banana','tortilla']"
Hummus and Prosciutto Wrap,"['prosciutto','tortilla','hummus','mozzarella','avocado','tomato','lettuce']"
Good Morning Wrap,"['flour','cheese','apple','granola','sugar','banana']"
Crispy Vegetable Turkey Wrap,"['turkey','swiss chard','daikon','pepper','pepper','pepper','bread','ice','soy sauce','honey','pepper']"
BLT Wraps,"['bacon','flour','cheddar','lettuce','tomato']"
Buffalo Chicken and Ranch Wraps,"['bacon','bacon','chicken','buffalo wing sauce','butter','flour','tomato','ranch dressing']"
Make Ahead Lunch Wraps,"['ice','water','beans','beans','corn','tomato','flour','cheese']"
Asian Pork Lettuce Wraps with Coconut-Lime Rice,"['water','tea','ice','pork','oil','onion','pepper','carrot','chestnuts','gin','teriyaki sauce','honey','cilantro','coconut','lime','romaine','lime','cilantro']"
Cherry Chicken Lettuce Wraps,"['oil','chicken','gin','ice','teriyaki sauce','honey','sweet cherries','carrot','onion','almond','lettuce']"
California Club Chicken Wraps,"['mayonnaise','yogurt','adobo sauce','spinach','lettuce','monterey jack','avocado','bacon','onion','tomato','chicken']"
Buffalo Chicken and Ranch Wraps,"['bacon','bacon','chicken','buffalo wing sauce','butter','flour','tomato','ranch dressing']"
Slaw-mmin' Wraps,"['oil','onion','clove','broccoli','cabbage','chicken','salt','beans','mayonnaise','dijon mustard','cumin','clove','onion','tea','salt','flour']"
Spicy Chipotle Turkey Wraps,"['mayonnaise','adobo sauce','adobo sauce','tortilla','turkey','monterey jack','avocado','lettuce']"
Taco Turkey Wraps,"['cream','pico de gallo','taco','flour','cheese','turkey']"
Egg Pesto Breakfast Wrap,"['egg','cream','cheddar','onion','pesto','tomato','bacon','artichoke hearts','flour','salt']"
Turkey and Grape Wraps,"['turkey','grapes','parmesan','mayonnaise','pepper','flour','spinach']"
Spicy Polynesian Wrap,"['chicken','coconut','ice','water','flour','curry powder','garlic','oil','lime','flour','coconut','onion']"
Crunchy Brunch Wrap,"['butter','tortilla','honey','banana']"
Enchiladas,"['beef','onion','garlic','flour','tea','cheese','enchilada sauce']"
Enchiladas Suizas,"['butter','onion','flour','chicken','pepper','garlic','tea','cumin','corn','oil','monterey jack','cheddar','chicken','cream','onion','olives','tomato']"
Angela's Awesome Enchiladas,"['chicken','chicken','cream','chili','butter','onion','chili','taco','onion','water','tea','onion','garlic','flour','cheddar','enchilada sauce','olives']"
Enchiladas Verdes,"['clove','pepper','tomatillos','oil','corn','water','chicken','chicken','lettuce','cilantro',' container mexican crema, crema fresca','cheese']"
Jalapeno Cream Cheese Chicken Enchiladas,"['chicken','cayenne','garlic','pepper','butter','onion','jalapeno','cream','garlic','cayenne','paprika','chili','cumin','enchilada sauce','flour','monterey jack']"
Chicken Enchiladas II,"['butter','onion','garlic','chile','cream','cream','chicken','cheddar','flour','milk']"
Easy Chicken Enchiladas,"['cream','salsa','chicken','beans','flour','cheese']"
Brunch Enchiladas,"['ham','onion','pepper','cheddar','flour','egg','cream','milk','flour','garlic','pepper']"
Chicken Enchiladas I,"['chicken','onion','cream','cheddar','parsley','oregano','tea','tea','tomato','water','chili','pepper','garlic','flour','taco','cheddar']"
Breakfast Enchiladas,"['potato','ham','oil','pepper','cheddar','enchilada sauce','flour']"
Spinach Enchiladas,"['butter','onion','clove','spinach','ricotta','cream','monterey jack','corn','enchilada sauce']"
Ground Beef Enchiladas,"['beef','onion','jalapeno','water','taco','yogurt','chicken','mozzarella','corn']"
Bacon-Ranch Chicken Enchiladas,"['cooking spray','oil','onion','chicken','bacon','garlic','tea','tea','garlic','onion','ranch dressing','cream','corn','cheddar','enchilada sauce']"
Savory Halibut Enchiladas,"['halibut','garlic','pepper','onion','pepper','cilantro','cream','mayonnaise','cheddar','enchilada sauce','flour','cheddar','avocado']"
Beef Enchiladas with Spicy Red Sauce,"['oil','onion','garlic','oregano','chili','tea','tea','tea','cumin','cilantro','salsa','tomato','tomato','chicken','beef','onion','garlic','chili','cumin','enchilada sauce','beef','cheese','cooking spray','flour','cheese','cilantro']"
Beef Enchiladas II,"['beef','onion','enchilada sauce','flour','cheddar','olives']"
Authentic Enchiladas Verdes,"['chicken','chicken','onion','garlic','tea','tomatillos','pepper','onion','garlic','salt','corn','oil','queso fresco','onion','cilantro']"
Gerry's Chicken Enchiladas,"['chicken','oil','onion','tomato','tomato','pepper','chicken','chicken','onion','cream','corn','cheddar','enchilada sauce']"
Chicken Ranch Enchiladas,"['butter','chicken','chicken','cream','chili','ranch dressing','flour','cheese']"
Brunch Enchiladas,"['ham','onion','pepper','cheddar','flour','egg','cream','milk','flour','garlic','pepper']"
Potato Enchilada,"['oil','potato','cheese','tomato','peas','corn','flour']"
Italian Enchiladas,"['beef','onion','cream','cheese','marinara','tomato','water','flour']"
Shrimp Enchiladas,"['oil','clove','gin','hot sauce','shrimp','flour','cheddar','salsa']"
Pork Enchiladas,"['pork','enchilada sauce','onion','cream','chili','monterey jack','tomato','garlic','cumin','flour']"
Turkey Enchiladas,"['cheddar','onion','olives','corn','enchilada sauce','turkey']"
Cheese Enchiladas,"['tomato','tomato','tea','corn','cheddar','onion','olives','mushroom']"
Whit's Chicken Enchiladas,"['chicken','oil','pepper','jalapeno','garlic','cream','monterey jack','water','flour','cream']"
Seafood Enchiladas,"['onion','butter','crabmeat','shrimp','cheese','flour','cream','cream','butter','tea','garlic']"
Cheater's Enchiladas,"['cream','monterey jack','enchilada sauce','corn','olives']"
Pineapple Enchiladas,"['apple','cream','cheddar','enchilada sauce','flour']"
Spinach Enchiladas,"['butter','onion','clove','spinach','ricotta','cream','monterey jack','corn','enchilada sauce']"
Fiesta Chicken Enchiladas,"['onion','garlic','chicken','salsa',', ',', ',', ',', ']"
Beef and Bean Chile Verde,"['beef','pepper','onion','clove','chili','cumin','cayenne','salsa','water','beans']"
Mandy's Lamb Enchiladas,"['lamb','onion','tomato','beans','mushroom','salsa','flour','cheddar']"
Easy Vegetarian Enchiladas,"['oil','onion','tomato','tomato','garlic','beans','onion','olives','cheese','flour']"
Chicken Enchiladas IV,"['chicken','cream','cheddar','onion','cumin','cilantro','salt','corn','salsa']"
Creamy Chicken Enchiladas Verde,"['cream',', ',', ',', ',', ',', ',', ',', ']"
Cheesy Cornbread Casserole,"['beef','onion','pepper','enchilada sauce','beans','garlic','cumin','corn','cheese']"
Quick and Easy 4-Ingredient Enchiladas,"['chicken','enchilada sauce','cream','cheddar']"
Country Apple Dumplings,"['apple','roll','butter','sugar','cinnamon','mountain dew']"
Chinese Pork Dumplings,"['soy sauce','ice','chives','sesame seeds','garlic','pork','clove','egg','chives','soy sauce','oil','gin','dumpling','oil','water']"
Pierogi (Polish Dumplings),"['butter','onion','sauerkraut','salt','butter','onion','potato','tea','tea','egg','cream','flour','tea','baking powder']"
Old-Fashioned Apple Dumplings,"['pastry','apple','butter','sugar','cinnamon','nutmeg','water','sugar','tea']"
Chef John's Chicken and Dumplings,"['chicken','water','carrot','celery','onion','thyme','bay leaf','flour','pepper','cayenne','creme fraiche','milk','tea','egg','flour','thyme']"
Slow Cooker Chicken and Dumplings,"['chicken','butter','chicken','onion','biscuit']"
Lazy Pork Dumplings,"['flour','water','salt','pork','clove','gin','onion','chives','salt','tea','tea','soy sauce','oil','ice','soy sauce','tea','chicken','tea']"
Herbed Dumplings,"['flour','tea','baking soda','baking powder','tea','tea','oregano','butter','milk']"
German Potato Dumplings (Kartoffelkloesse),"['potato','butter','bread','pepper','cayenne','nutmeg','egg','flour','chives']"
Chicken and Dumplings III,"['chicken','celery','salt','biscuit']"
Quiche,"['cheese','flour','ham','egg','milk','tea','tea','pie crust','parsley','pepper']"
Clark's Quiche,"['bacon','spinach','cream','salt','pie crust','oil','onion','mushroom','ham','monterey jack','cheddar','parmesan','egg','cream','parsley','salt']"
Spinach Quiche,"['butter','clove','onion','spinach','mushroom','feta','cheddar','salt','pie crust','egg','milk','salt']"
Easy Quiche,"['milk','egg','biscuit','butter','parmesan','broccoli','ham','cheddar']"
Chef John's Quiche Lorraine,"['pie crust','bacon','ale','onion','pepper','cayenne','egg','egg','cream','milk','tea','gruyere']"
Quick Quiche,"['bacon','cheese','butter','egg','onion','tea','flour','milk']"
Crustless Spinach Quiche,"['oil','onion','spinach','egg','cheese','tea','tea']"
Light and Fluffy Spinach Quiche,"['mayonnaise','milk','egg','cheddar','spinach','onion','pie shell']"
Easy Bacon and Cheese Quiche,"['pie crust','bacon','onion','cheese','parmesan','egg','cream']"
Summer Garden Crustless Quiche,"['oil','oil','onion','clove','ale','salt','pepper','tomato','carrot','egg','milk','cheddar','parsley']"
Spinach-Ricotta Quiche,"['butter','onion','spinach','pastry','egg','milk','cream','egg','basil','tea','tea']"
Quiche Supreme,"['pie crust','pepper','onion','mushroom','egg','cream','monterey jack','cheese','ham','tea','tarragon','garlic','nutmeg','parsley','salt']"
Yummy Quiche,"['bacon','pie crust','cheddar','monterey jack','flour','egg','halfandhalf','onion','pepper']"
Asparagus Quiche,"['asparagus','bacon','pie shell','egg','egg','cream','nutmeg','salt','cheese']"
Crab Quiche,"['pie crust','egg','cream','tea','tea','pepper','monterey jack','parmesan','crabmeat','onion']"
Marvelous Mini Mexican Quiches,"['cream','butter','flour','egg','milk','monterey jack','chorizo','chile','onion','cilantro','garlic','chili','tea','cumin','cayenne','tea']"
Springtime Quiche,"['bacon','cheese','onion','asparagus','milk','biscuit','egg','tea','tea','tea']"
Quiche Seville,"['pastry','cream','bacon','monterey jack','onion','egg','tea','pepper']"
Shrimp Quiche,"['pie shell','shrimp','gruyere','egg','cream','onion','salt']"
Cheddar Quiche,"['baking mix','tea','tea','milk','bacon','onion','cheddar','egg','tea','tea','milk']"
Zucchini Quiche,"['biscuit','oregano','tea','garlic','tea','tea','parmesan','onion','egg','oil','zucchini']"
Salmon Quiche,"['cheddar','onion','egg','milk','salt','pepper','garlic','parsley','sage','salmon','pie crust','cheddar']"
Lentil Quiche,"['onion','oil','lentils','water','broccoli','tomato','egg','milk','tea','pepper','tea','cheddar']"
Hamburger Quiche,"['potato','beef','onion','milk','egg','corn','cheddar','liquid smoke','bacon','tea','salt','cheddar']"
Crustless Spinach Quiche,"['oil','onion','spinach','egg','cheese','tea','tea']"
Country Quiche,"['bacon','onion','egg','milk','flour','tea','tea','salt','pie crust','mozzarella','cheddar']"
Easy Bacon and Cheese Quiche,"['pie crust','bacon','onion','cheese','parmesan','egg','cream']"
Ham and Hash Brown Quiche,"['potato','butter','ham','cheddar','onion','pepper','egg','milk','tea','tea']"
Quiche Lorraine II,"['pastry','bacon','onion','egg','milk','tea','cheese','flour']"
Corn Tortilla Quiche,"['pork','corn','monterey jack','cheddar','chile','egg','cream','ricotta','chili','cilantro']"
Creamy Ham and Cheese Quiche,"['pie crust','cheddar','cheese','flour','ham','honey','halfandhalf','egg','onion','tea']"
Cheesy Sausage Mushroom Quiche,"['pie crust','sage','tea','onion','egg','milk','mayonnaise','cheese','mushroom','garlic','cheddar']"
Fresh Green Chile Quiche,"['oil','pepper','onion','feta','cream','tea','pie crust','monterey jack','egg','milk','cheddar']"
Spinach and Carrot Quiche,"['oil','onion','clove','spinach','carrot','monterey jack','egg','pepper','nutmeg','tea','tea','pie crust']"
Hash Brown Quiche,"['potato','butter','salt','ham','onion','cheddar','egg','milk','salt']"
Impossibly Easy Ham and Asparagus Pie,"['ham','cheddar','onion','asparagus','milk','baking mix','egg']"
Broccoli Cheese Pie,"['broccoli','cheddar','flour','tea','tea','butter','butter','onion','mushroom','flour','cream','tea','nutmeg','egg']"
Leek and Bacon Quiche with Maille® Dijon Originale Mustard,"['pastry','butter','leek','bacon','egg','ale','cream','cheese']"
Easy English Quiche Lorraine,"['pastry','milk','egg','spinach','pepper','cheese','ham','tomato']"
Sausage Mushroom Quiche,"['mushroom','pork','parsley','egg','cream','parmesan','tea','pie crust']"
Carrot Cashew Quiche,"['butter','carrot','cashews','honey','egg','cream','nutmeg','tea','cheddar','pie crust']"
Broccoli and Cheddar Quiche,"['pie crust','tea','broccoli','egg','milk','dijon mustard','oregano','tea','tea','tea','cheddar','parmesan']"
Broccoli and Provolone Quiche,"['broccoli','oil','clove','onion','tea','pie crust','egg','egg','cream','salt','cheese']"
Shredded Potato Quiche,"['potato','butter','egg','cheese','ham','milk','salt']"
Buffalo Chicken Calzone,"['chicken','butter','buffalo wing sauce','pizza dough','oil','mozzarella']"
Real Italian Calzones,"['yeast','water','oil','tea','tea','flour','oil','ricotta','cheddar','pepper','mushroom','basil','egg']"
Chef John's Ham and Cheese Calzones,"['pizza dough','prosciutto','ricotta','tea','tea','cayenne','ham','mozzarella','gin','corn','egg','tea','egg','marinara']"
BBQ Chicken Calzones,"['bacon','onion','chicken','barbeque sauce','pizza crust','mozzarella','cilantro']"
"Sausage, Spinach and Ricotta Calzone","['flour','yeast',', ',', ',', ',', ',', ',', ',', ',', ',', ',', ',', ',', ',', ']"
Mushroom Cheeseburger Calzones,"['beef','mushroom','onion','jalapeno','ketchup','yellow mustard','pepper','pizza dough','dill','cheddar','oil','sesame seeds']"
Mini Calzones with Margherita® Pepperoni,"['flour','tea','salt','butter','water','yeast','oil','pepper','mozzarella','mushroom','egg','sesame seeds','thyme']"
Karin's Veggie Calzones,"['pizza dough','spinach','mushroom','zucchini','cabbage','pepper','tomato','onion','tomato','artichoke hearts','olives','clove','tea','pepper','mozzarella','cheese','oil','marinara']"
Quick Spinach-Ricotta Calzones,"['roll','corn','oil','onion','spinach','clove','nutmeg','salt','ricotta','mozzarella','parmesan','oil','pasta']"
"Broccoli, Pepperoni and Three Cheese Calzones","['yeast','water','flour','tea','tea','oil','tea','broccoli','cheese','mozzarella','parmesan','garlic','pepper','oil','salt','egg','water','corn']"
Unbelievable Spinach Calzones,"['ricotta','egg','italian seasoning','mozzarella','parmesan','spinach','salt','bread']"
Quick Sausage and Bell Pepper Calzones,"['roll','corn','sage','oil','onion','pepper','pepper','clove','mozzarella','parmesan','parsley','oil','pasta']"
Pepperoni Stromboli,"['bread','spaghetti','oregano','sage','mozzarella','parmesan']"
Ham and Cheese Stromboli,"['pizza crust','spaghetti','ham','cola','salami','sage','garlic','mozzarella','onion','mushroom','pepper']"
Lasagna,"['oil','onion','bay leaf','clove','oregano','tea','tomato','tomato','cinnamon','lasagna noodle','ricotta','egg','parmesan','tea','garlic','oil','onion','mushroom','spinach','zucchini','mozzarella','parmesan']"
World's Best Lasagna,"['sage','beef','onion','clove','tomato','tomato','tomato','water','sugar','tea','fennel','tea','tea','tea','parsley','lasagna noodle','ricotta','egg','mozzarella','parmesan']"
American Lasagna,"['beef','onion','clove','basil','oregano','sugar','tea','tomato','tomato','lasagna noodle','egg','ricotta','parmesan','parsley','tea','mozzarella','parmesan']"
Eggplant Lasagna,"['oil','egg','water','parmesan','rum','pepper','egg','oil','beef','tomato','mozzarella']"
Creamy Chicken Lasagna,"['chicken','lasagna noodle','chicken','water','cream','mozzarella','spaghetti']"
Deep Dish Lasagna,"['lasagna noodle','sage','onion','garlic','parsley','tomato','tomato','water','tea','oregano','tea','ricotta','spinach','parmesan','egg','garlic','tea','mozzarella']"
Cajun Chicken Lasagna,"['lasagna noodle','sage','chicken','tea','sage','onion','celery','pepper','garlic','alfredo sauce','mozzarella','parmesan']"
Summer Lasagna,"['beef','onion','pepper','carrot','clove','tomato','oregano','tea','salt','zucchini','cheese','egg','mozzarella','parmesan']"
Skillet Spinach Lasagna,"['sage','lasagna noodle','tomato','tomato','spinach','ricotta','mozzarella','parmesan']"
Grandma's Best Ever Sour Cream Lasagna,"['lasagna noodle','pork','beef','garlic','tomato','tomato','parsley','tea','oregano','sugar','cream','egg','parmesan','olives','tea','tea','mozzarella']"
Enchilada Lasagna,"['oil','onion','clove','turkey','enchilada sauce','cilantro','cheese','egg','cumin','corn','cheese','cooking spray','onion']"
Quinoa Lasagna,"['oil','onion','clove','beef','tomato','tomato','oregano','tea','quinoa','ricotta','mozzarella','parmesan']"
Passover Lasagna,"[' package matzo sheets','tomato','salt','cheese','mozzarella','parmesan','oregano']"
Donna's Lasagna,"['beef','sage','tomato','tomato','sugar','tea','garlic','parsley','lasagna noodle','cheese','egg','tea','parmesan','parsley','tea','mozzarella']"
Barbecue Lasagna,"['lasagna noodle','pork','mozzarella','cheddar','ricotta','egg','tea','tea']"
Homemade Lasagna,"['lasagna noodle','pork','beef','tomato','tomato','parsley','garlic','oregano','onion','tea','tea','tea','cheese','egg','parmesan','tea','tea','mozzarella']"
Taco Lasagna with Noodles,"['lasagna noodle','beef','tomato','water','taco','cheddar','tortilla']"
Lasagna Bolognese,"['lasagna noodle','oil','tomato','onion','carrot','celery','clove','sage','rosemary','oil','beef','rum','flour','wine','cream','parmesan','cinnamon','ricotta','egg','mozzarella','salt','pepper']"
Lisa's Lasagna,"['beef','onion','pepper','tea','salt','tomato','water','ricotta','egg','mozzarella','lasagne']"
Lasagna Helper,"['beef','water','beef','lasagna noodle','tomato','onion','clove','italian seasoning','tea','corn','salt']"
Missy's Lasagna,"['beef','onion','pepper','tomato','mushroom','egg','mozzarella','cheese','ricotta','milk','rum','lasagna noodle']"
Asparagus Lasagna,"['lasagna noodle','margarine','clove','flour','milk','tea','asparagus','ham','mozzarella']"
German Lasagna,"['lasagna noodle','cream','chicken','milk','kielbasa','sauerkraut','mozzarella']"
Mexican Lasagna with Noodles,"['beef','beans','oregano','cumin','garlic','lasagna noodle','water','salsa','cream','onion','olives','cheese']"
Ravioli Lasagna,"['ricotta','spinach','cheese','egg','salt','spaghetti','cheese','spaghetti','cheese']"
Best Lasagna,"['lasagna noodle','beef','onion','salt','italian seasoning','ricotta','cheese','spaghetti','mozzarella','zucchini','basil']"
Tofu Lasagna,"['lasagna noodle','rum','egg','tea','tea','nutmeg','milk','spaghetti','parsley','mozzarella','parmesan']"
Lasagna Alfredo,"['lasagna noodle','spinach','chicken','pasta','mozzarella','ricotta','pepper']"
Sweet Potato Casserole Dessert,"['potato','butter','milk','sugar','tea','egg','sugar','flour','butter','pecan']"
Sausage Casserole,"['sage','potato','butter','cheddar','onion','cheese','egg']"
Hash Brown Casserole II,"['potato','butter','chicken','cream','onion','cheddar','tea','tea','corn','butter']"
Sweet Potato Casserole II,"['potato','margarine','sugar','ice','cinnamon','marshmallow']"
Yummy Sweet Potato Casserole,"['potato','sugar','egg','tea','butter','milk','tea','sugar','flour','butter','pecan']"
Cheesy Amish Breakfast Casserole,"['bacon','onion','potato','egg','cheddar','cheese','cheese']"
Twice Baked Potato Casserole With Bacon,"['potato','bacon','cheddar','cream','milk','butter','chives','tea','tea','garlic','cheddar']"
Spaghetti Squash Casserole in the Shell,"['spaghetti','beef','onion','pepper','garlic','tea','oregano','tea','tea','tomato','cheddar']"
Sausage Egg Casserole,"['pork','butter','onion','mushroom','egg','cheese','monterey jack','pepper','flour','baking powder','tea','butter']"
Butternut Squash Casserole,"['butter','sugar','milk','tea','salt','flour','egg','margarine','vanilla','margarine','sugar']"
Eggplant Parmesan Casserole,"['egg','oil','salt','oil','clove','tea','marinara','water','ricotta','parmesan','cheese','pepper','rum','parmesan','oil']"
Best Green Bean Casserole,"['beans','cream','onion','cheddar']"
Southern Grits Casserole,"['water','uncooked grits','butter','cheddar','pork','egg','milk','salt']"
Egg and Sausage Casserole,"['pork','roll','egg','mozzarella','cheddar','oregano']"
Oyster Casserole,"['butter','salt','oysters','cream','tea','corn']"
Mediterranean Casserole,"['potato','gin','sardines','tomato','clove','basil','rum']"
Bierox Casserole,"['cabbage','beef','onion','garlic','roll','cheese','salt']"
On the Go Casserole,"['sage','olives','olives','corn','tomato','mushroom','cheddar','ice']"
Firecracker Casserole,"['beef','onion','beans','chili','cumin','tea','flour','tomato','cream','cheddar']"
Stromboli,"['pizza crust','beef','ham','pepper','onion','pizza sauce','mushroom','butter','sage','mozzarella']"
Stromboli Grinder,"['marinara','oil','onion','pepper','jalapeno','ice','salami','pepper',' italianstyle hoagie buns, split lengthwise','mascarpone','garlic','mozzarella']"
Meat and Veggie Stromboli,"['bread','parmesan','oil','egg','tea','oregano','garlic','tea','pepper','gin','cheese','tea','pepper','onion','mushroom','egg','parmesan','tea']"
Ham and Cheese Stromboli,"['pizza crust','spaghetti','ham','cola','salami','sage','garlic','mozzarella','onion','mushroom','pepper']"
Pineapple Carne Asada Tacos,"['garlic','apple','gin','lime','orange','lime','salt','pepper','tea','grapes','butter','cream','lime','salt','cauliflower','avocado','tomato','onion','cilantro']"
Cocoa Pebbles Ice Cream Tacos,"['cooking spray','butter','marshmallow','salt','cocoa','cream','  fudge sauce','   whipped topping','rainbow sprinkles','maraschino cherries']"
Cheesy Turkey Taco Bake,"['nonstick cooking spray','gin','turkey','taco','onion',' jalapeño, seeded, finely chopped','pepper','pepper','tomato','beans',' oz velveeta, cut into ” cubes','salsa','corn','cilantro','ice','avocado','cream','lime']"
Chicken Bacon Ranch Tacos,"['bacon','chicken','taco','corn','lettuce','cheese','tomato','onion','ranch dressing']"
TikTok Influencer Tabitha Brown Shares Her Recipe For Sweet Potato Tacos,['']
Buffalo Cauliflower Tacos,"['cauliflower','flour','salt','pepper','garlic','paprika','milk','s red hot"", ',', ',', ',', ']"
Death By Chocolate Taco,"['cola','coconut','corn','cola','  hot fudge, chilled','peanuts','coconut','rainbow sprinkles']"
Spiced Chicken Tacos,"['gin','chicken','salt','pepper','chili','cumin','garlic','paprika','cayenne','corn','cream','onion','tomato','monterey jack','avocado','cilantro','lime']"
Sheet Pan Pineapple Shrimp Tacos,"['shrimp','gin','lime','clove','chili','cumin','cayenne','salt','cabbage','cilantro','gin','lime','salt','onion','apple','gin','flour','lime','cilantro','avocado','cream','ice']"
Cilantro-Lime Shrimp Tacos,"['lime','cilantro','clove','cumin','oil','lime','salt','shrimp','tortilla','cabbage','cilantro','onion','avocado','lime','gin','salt','mayonnaise',', ',', ',', ']"
Chicken Quesadillas,"['gin','pepper','onion','salt','pepper','chicken','chili','cumin','oregano','flour','monterey jack','cheddar','avocado','oil','onion','cream']"
Best-Ever Keto Quesadillas,"['gin','pepper','onion','chili','salt','pepper','monterey jack','cheddar','chicken','avocado','onion','cream']"
Egg-In-A-Hole Quesadillas,"['tomato','onion','jalapeño, minced','lime','salt','pepper','flour','cheddar','monterery jack','onion','gin','egg','avocado']"
Big Mac Quesadillas,"['mayonnaise','yellow mustard','ketchup','pickle relish','apple','garlic','onion','paprika','salt','gin','beef','flour','onion','cheese','cheddar','butter']"
Cheese-Crusted Quesadilla,"['gin','pepper','onion','salt','pepper','chicken','chili','cumin','monterey jack','cheddar','flour','onion','cream']"
Bacon Weave Quesadilla,"['bacon','cheddar','monterey jack','chicken','tomato','avocado','cream']"
Spinach-Artichoke Quesadillas,"['onion','clove','oil','artichoke hearts','spinach','monterey jack','cream','pepper','flour']"
Grilled Chicken Quesadillas,
Chicken Cordon Bleu Quesadillas,
No More Deciding Between A Burrito And A Quesadilla. The Quesarito Lets You Have Both,
Cheesy Spinach-Artichoke Quesadillas,
Killer Quesadillas,
The Quesarito Is Coming to a Taco Bell Near You,
Vegan Mushroom Pot Pie,
Turkey Pot Pie,
Chicken Pot Pie,
Chicken Veggie Tot Pie,
Steak Pot Pie,
Turkey Shepherd's Pie,
Beef Pot Pie,
Deep-Dish Chicken Pot Pie,
"Chicken Pot Pie Homemade ""Hot Pockets""",
Bacon-Cheddar Chicken Pot Pie,
Steak and Mushroom Potpies,
Katie Lee's Chicken Pot Pie,
Turkey Chili Pot Pie,
Tex-Mex Beef Enchiladas,
Shrimp Enchiladas,
Butternut Squash & Mushroom Enchiladas,
Chicken Enchilada Casserole,
Chicken Enchilada Bake,
Turkey Enchiladas,
Street Corn Enchiladas,
Shrimp Enchiladas,
Shredded Pork Enchiladas with Roasted Tomato Sauce,
Sunday Morning Chilaquiles,
Veggie Crustless Quiche,
Ham & Cheese Quiche,
Mini Bacon Asparagus Quiches,
Pizza Rustica,
Crustless Bacon Quiche,
Asparagus Quiche,
Potato-Crusted Quiche,
No-Crust Spinach-Sausage Quiche,
Quiche Lorraine with Hash Brown Crust,
Mushroom and Zucchini Make-Ahead Quiche,
"Smoked Ham, Leek and Gruyère Quiche",
Crustless Broccoli-Cheddar Quiches,
Tomato and Goat Cheese Quiche,
Easy Cheesy Bacon Quiche Recipe,
Crustless Quiche Lorraine,
Greek Spinach Feta Quiche,
Sausage-Potato Quiche,
Bacon-and-Leek Quiche,
Philly Cheesesteak Calzones,
Broccoli Calzones,
Cauliflower Calzones,
Sausage Calzones,
These Chicken Parm Calzones Taste Like Having A Brick Oven In Your House,
Meatball Calzones,
Muffuletta Calzone,
Cheese and Pepperoni Calzone,
Swiss-Chard and Sun-Dried-Tomato Calzone,
Pizza Egg Rolls,
Meatball Calzones with Broccoli and Provolone,
Mini Cheesy Chicken Calzones,
Caprese Calzones,
Ricotta-Spinach Calzone,
Best-Ever Calzones,
These Ultra-Cheesy Calzones Will Make You Go Crazy For Caprese,
Sausage and Vegetable Calzones,
Ham and Chile-Cheddar Calzones,
Sausage and Pepper Pies,
Chicken Parmesan Calzones,
Crock-Pot Lasagna,
Marshmallow Fruity Pebbles Dessert Lasagna,
Zucchini Lattice Lasagna,
Classic Lasagna,
Keto Lasagna,
Meatball Lasagna,
How To Make Lasagna Without A Recipe,
No-Bake Blueberry Cheesecake Lasagna,
Sweet Potato Lasagna,
Caprese Chicken Lasagna,
Samoa Dessert Lasagna,
Lasagna Roll-Ups,
Seafood Lasagna,
Brownie Lasagna,
Pumpkin Cheesecake Lasagna,
Pecan Pie Lasagna,
Roasted Red Pepper & Spinach Skillet Lasagna,
Meatball Lasagna Rollata,
Mac & Cheese Lasagna,
Peanut Butter Dessert Lasagna,
Butternut Squash Lasagna,
Mint Chip Lasagna,
S'mores Lasagna,
Banana Pudding Lasagna,
Lasagna-Stuffed Zucchini,
Lasagna Stuffed Chicken,
Instant Pot Lasagna,
Olive Garden's New Dessert Is EIGHT Layers Of Chocolate Brownie Lasagna,
Lasagna Spaghetti Squash Boats,
Even The Pickiest Eaters Can't Resist Lasagna Grilled Cheese Bites,
Vegetable Lasagna,
This Lasagna Made From Taco Bell is Both Monstrous and Majestic,
This Ravioli Lasagna Is The World's Easiest Lasagna,
This Holiday Dessert Lasagna Is Mint-Chocolate Perfection,
Vegetable Lasagna,
From-Scratch Green Bean Casserole,
Cheesy Taco Casserole,
Sweet Potato Casserole,
Broccoli Cheese Casserole,
Twice Baked Potato Casserole,
Harvest Chicken Casserole,
Chicken Stuffing Casserole,
Sweet Potato Casserole With Marshmallows,
Classic Green Bean Casserole,
Baked Corn Casserole,
Keto Taco Casserole,
Easy Chicken and Rice Casserole,
These Cozy Casseroles Are The Comfort Food You Need Right Now,
Cheesy Chicken Broccoli Bake,
Loaded Cauliflower Bake,
48 Casseroles That Are As Warm And Cozy As Your Favorite Sweater,
38 Insanely Easy Breakfast Casserole Recipes That Will Make Your Morning Infinitely Better,
17 Chicken Casseroles To Spice Up Your Weeknight Dinner,
Sweet Potato Pie,
Cheeseburger Casserole,
Chili Cheese Dog Casserole,
Jimmy Dean’s New Casserole Bites Will Guarantee You Have A Hot Breakfast,
Baked Spaghetti,
Vegetarian Baked Ziti,
French Toast Casserole,
Ham & Cheese Brunch Bake,
Philly Cheesesteak Casserole,
Meatball Sub Casserole,
Unstuffed Cabbage Casserole,
Cheesy Ham & Potato Casserole,
French Onion Chicken Casserole,
37 Amazing Breakfasts For Your Holiday Crowd,
Tater Tot Casserole,
Chicken Noodle Casserole,
Cheesy Hash Brown Casserole Recipe,
Sweet Potato Bites,
Crock-Pot Sweet Potato Casserole,
Cheesy Green Bean Chicken Casserole,
Turkey Casserole,
Tortilla Stromboli,
"Salami, Spinach, and Provolone Stromboli",
Stromboli with Two Stuffings,
Loaded Stromboli Is The Best Way To Upgrade Your Pizza Night,
Fully Loaded Stromboli,
Muffaletta Stromboli,
Fish Taco Salad Bowl,
Valerie Brunmeier’s Cheesy Taco Pasta Skillet,
Pressure Cooker Taco Soup,
Slow Cooker Taco Soup,
Grilled Shrimp Taco Bowl,
Turkey Taco Salad,
Pressure Cooker Shredded Chicken Taco Meat,
Beef Tacos de Lengua (Beef Tongue Tacos),
Easy Fish Tacos,
Hawaiian SPAM Tacos with Pineapple,
Crispy Fish Tacos with Red Cabbage Slaw,
Cheese Tacos,
Slow Cooker Chicken Tacos,
Chorizo and Egg Breakfast Tacos,
Bang Bang Shrimp Tacos,
Sous Vide Fish Tacos with Fall Apple Slaw,
Slow Cooker Mexican Pulled Pork Tacos,
Sweet Potato and Black Bean Tacos,
"Breakfast Tacos with Wild Alaska Salmon, Eggs, and Avocado",
Buffalo Cauliflower Tacos with Ranch Sauce,
Spicy Grilled Chicken Tacos,
Grilled Fish Tacos with Strawberry Pineapple Salsa,
Slow Cooker Honey Chipotle Chicken Tacos,
BBQ Pulled Jackfruit Tacos,
Crispy Chicken Skin Tacos with Habanero Salsa,
Taco-Stuffed Zucchini Boats,
Turkey Tacos with Cranberry Salsa,
Grilled Shrimp Tacos with Mango Avocado Salsa,
Veggie Tacos,
Breakfast Quesadilla with Black Beans and Eggs,
Quesadilla Pie,
Apple Chicken Quesadilla,
Kimchi Avocado Quesadilla,
Quesadilla,
Shrimp Quesadilla,
Easy Avocado and Black Bean Quesadillas,
Crispy Cheese and Mushroom Quesadillas,
Broccoli and Cheddar Quesadillas,
Sweet Corn and Goat Cheese Quesadillas,
Squash Blossom Quesadillas,
Easy Chicken Pot Pie,
Chicken Pot Pie,
Root Vegetable Skillet Pot Pie,
Vegetable Pot Pie,
Pressure Cooker Shepherd’s Pie + First Look at The Ultimate Instant Pot Cookbook!,
Cajun Turkey Pot Pie,
Leftover Turkey Pot Pies,
Instant Pot Pot Roast with Balsamic and Rosemary,
Classic Sweet Potato Pie,
Sweet Potato Pie with Pecan Topping,
Purple Sweet Potato Pie with Maple Whipped Cream,
All Butter Pie Crust for Pies and Tarts (Pâte Brisée),
How To Cook Potatoes in the Instant Pot,
Instant Pot Mashed Potatoes,
Instant Pot Potato Salad,
Instant Pot Yogurt,
Instant Pot Pumpkin Cheesecake,
Easy Chocolate Cream Pie,
Cheesy Artichoke Pie,
Vegetarian Shepherd’s Pie with Carrots and Mushrooms,
Pot Roast,
"How To Make Fast, No-Soak Beans in the Instant Pot",
Instant Pot Chicken Soup,
Slow Cooker Pot Roast,
How to Make Rice in the Instant Pot,
Healthy Shepherd’s Pie,
Instant Pot Easy-Peel Hard Boiled Eggs,
Instant Pot Guinness Beef Stew,
Instant Pot Chicken Adobo and Rice,
Instant Pot Chipotle Chicken and Rice Bowls,
Instant Pot Beef Chili,
Asian Beef Lettuce Wraps,
Air Fryer Bacon-Wrapped Figs,
Curry-Scented Grilled Beef Lettuce Wraps,
Bacon-Wrapped Stuffed Pork Tenderloin,
Crispy Sweet Potato Pancake Lettuce Wraps,
Kid-Friendly Wraps,
Bacon-Wrapped Shrimp,
Teriyaki Chicken Lettuce Wraps,
Make-Ahead Feta and Spinach Breakfast Wraps,
Grilled Bacon-Wrapped Stuffed Hot Dogs,
Prosciutto-Wrapped Asparagus,
Pressure Cooker Chicken Lettuce Wraps,
Chicken Mango Lettuce Wraps,
"The Friday Buzz: Tofurky, Samosa Wraps, and Peppermint Skinny Almonds!",
Bacon-wrapped Pork Roast,
"Salmon Lettuce Wraps with Cucumber, Jicama, and Ginger",
Red Chili Chicken Enchiladas,
Green Chile Enchiladas,
Easy Enchiladas,
Easy Chicken Skillet Enchiladas,
Texas Stacked Enchiladas with Corn and Black Beans,
Salsa Verde Chicken Enchiladas,
Butternut Squash Enchiladas,
Turkey Black Bean Enchiladas,
Creamy Cheesy Turkey Enchiladas,
Mexican Lasagna,
Chicken and Dumplings,
Instant Pot Chicken and Dumplings,
Beef Goulash with Dumplings,
Baked Vegetable and Cream Cheese Wontons,
Blackberry Slump,
Cauliflower Gnocchi (Trader Joe’s Copycat!),
Blueberry Slump,
Pumpkin Ricotta Gnocchi,
Slow Cooker Chinese Pulled Pork,
Vegetable Samosas with Mint Cilantro Chutney,
Cauliflower Gnocchi with Creamy Sun-Dried Tomato Sauce,
Air Fryer Crab Rangoon,
Chicken Paprikash,
Spinach Ricotta Gnocchi,
Deep-Dish Bacon and Cheddar Quiche,
Zucchini Tomato Quiche,
Cheesy Crustless Quiche with Broccoli and Ham,
Ham and Asparagus Quiche,
Spinach and Artichoke Quiche,
Asparagus Quiche with Fontina Cheese,
Quiche Lorraine,
"Smoked Salmon, Dill, and Goat Cheese Quiche",
Mushroom Quiche,
Caramelized Onion Quiche,
Cheesy Crustless Quiche,
Mini Salmon Quiches,
Lasagna,
Vegetarian Spinach and Mushroom Lasagna,
Butternut Squash Lasagna,
No-Bake Lasagna,
Loaf Pan Lasagna,
Marge Perry and David Bonom’s Easy Skillet Lasagna,
Four-Cheese Lasagna with Fresh Pasta,
Zucchini Lasagna Roll-Ups,
Three-Cheese Pesto Lasagna,
Buffalo Chicken Lasagna,
Lasagna Bolognese,
Pastelón (Puerto Rican Plantain “Lasagna”),
Grilled Taco Spiced Chicken,
Easy Taco Salad,
Dessert Taco Shells,
Caramel-Apple Dessert Tacos,
Nutella and Red Berry Dessert Tacos,
Tropical Dessert Tacos,
Down-Home Taco Casserole,
Deep-Dish Taco Pizza,
Cheesy Chicken Taco Casserole,
Goat Tacos,
Duck Carnitas Tacos,
Short Rib Tacos With Cilantro-Lime Slaw,
Vegetarian Bean Chili,
Chicken Tinga Tostadas With Black Beans,
Cauliflower Tacos,
Jerk Turkey Shepherd’s Pie,
Spicy Tuna Tacos,
Steak and Vegetable Tacos,
Tandoori Chicken Tacos,
Tacos with Bean and Corn Filling,
Chicken and Vegetable Tacos,
Beef Tacos with Guacamole,
Baja Fish Tacos with Cabbage,
Feta Cheese Tacos,
Turkey Tacos,
Spicy Mexican Gratin with Beef,
Chili Beef Corn Tacos,
Corn Tacos with Beef Filling,
Griddled Mexican Tacos,
Mexican Seafood Tacos,
Mexican Corn Tacos,
Red Bean Chili with Tacos,
White Fish Tacos,
Classic Beef Tacos,
Crispy Fish Tacos,
Quick Breakfast Tacos,
Filled Tacos,
"Soya Mince, Mushroom and Pepper Tacos",
Vegetarian Tacos,
Courgette and Squash Tacos,
Shredded Veggie and Chicken Tacos,
Beef and Corn Corn Tacos,
Mexican Chicken and Tomato Tacos,
Cheesy Tacos with Chicken,
Fusion Steak Tacos,
Beef Tacos with Salsa,
Vegetarian Tacos with Spicy Sauce,
Pork Tacos,
Corn Tacos with Chicken,
Marinated Shrimp Tacos with Corn and Salsa,
Vegetarian Tacos,
Baja-style Catfish & Cabbage Tacos,
Fish Tacos with Tomatoes and Guacamole,
Beef and Poblano Chili Tacos,
Shrimp and Mango Salsa Soft Tacos,
Chicken Tacos,
Beef Tacos with Guacamole,
"Tacos with Salsa, Beans and Avocado",
Beef Tacos with Salsa,
Chicken and Avocado Tacos,
Turkey Tacos with Peanut Sauce,
"Tacos with Fish, Avocado and Tomato",
"""Mexican"" Tacos with Tuna Salad",
Tacos,
,
,
Vegan Quesadillas,
Turkey Quesadillas,
Savory Goat Cheese Quesadillas,
Quesadillas,
Quesadillas,
Microwave Cheese Quesadillas,
Quesadillas with Lime and Parsley,
Mozzarella Quesadillas with Tomato Relish,
Veggie Quesadillas,
Cheesy Chicken Quesadillas,
Tomato Salsa with Salami Quesadillas,
Simple Chicken and Pepper Quesadillas,
Cheesy Mexican Quesadillas,
Poblano and Cheese Quesadillas,
Mixed Cheese and Avocado Quesadillas,
Seared Steak Quesadillas,
Shrimp Quesadillas with Avocado Crema,
Grilled Quesadillas with Feta Cheese and Tomatoes,
Salmon Quesadillas,
Cheese and Onion Quesadillas,
"Arugula, Potato and Cheese Quesadillas",
Chicken Quesadillas with Spicy Mango Relish,
Cheese Quesadillas,
Enchiladas with Scrambled Eggs and Guacamole,
Smart Turkey Enchiladas,
Chile Enchilada Casserole,
Bean and Corn Enchiladas,
Mexican Lime Soup,
Baked Veggie Enchiladas,
Enchiladas Au Gratin,
Smothered Chicken Enchiladas,
Mexican Enchiladas,
Beef Enchilada,
Chicken Enchiladas,
Vegetable Enchiladas,
Vegetable Enchiladas,
Enchiladas with Chicken and Vegetable Filling,
Chicken Enchiladas with Olives,
Chili Con Carne Enchiladas with Avocado Salsa,
Chicken Enchiladas,
Baked Zucchini and Cheese Enchiladas,
Enchiladas,
Vegetable Enchiladas,
Enchiladas with Cheese Sauce,
Palmeni (Russian Style Dumplings),
Walnut-Bread Dumplings with Mushroom Ragout,
Bulgur Herb Kale Salad with Falafel,
Spicy Prawn Wontons and Chilli Sauce,
Tuna Ginger Dumplings,
Vegetable Soup,
Apricot Yeast Dumplings with Berry Sauce,
Vegan Savoy Cabbage Roulades,
Sticky Rice Coconut Balls,
Falafel,
Classic Goulash with Bread Dumplings,
Vegetable Lentil Patties and Bulgur Salad,
Butternut Squash Chili with Meatballs,
Fried Cheese Balls with Wild Garlic,
Vegetable and Dumpling Gratin,
Rhubarb Dumplings,
"Creamy Baked Ravioli with Tomatoes, Mushrooms and Ham",
Sweet Bread with Vanilla Custard,
Turkish Dumplings with Yogurt Sauce,
Egg Dumpling and Vegetable Soup,
Falafel with Fresh Salad,
Stuffed Turkey Breast,
Tortellini Casserole with Ham and Scallions,
"Roast Turkey with Cranberries, Oranges and Sage",
Spinach Stuffed Pockets,
Pasta Sauce with Leeks,
Steamed Shrimp Dumplings,
Wild Garlic Puree with Buckwheat Dumplings,
Dumplings with Turkey and Peppers,
Shrimp and Zucchini Dumplings,
Steamed Chinese Shrimp,
Pumpkin Ravioli with Parmesan,
Cornmeal Dumplings with Garbanzos,
Dumplings with Meat Filling and Plum Sauce,
Deep Fried Vegetable Balls,
Creamy Turnip Soup with Dumplings,
Four Cheese and Spinach Dumplings in Butter,
Spinach Ravioli,
Fried Cheese Balls with Marinated Peppers,
Pot Roast with Potato Dumplings,
Veal Meatballs,
Sausage Filled Dumplings with Bacon,
Salt Cod Cakes on Lemongrass Skewers,
Classic Roast Beef with Gravy,
Wild Garlic and Potato Dumplings with Lime Sauce,
Sweet Dumplings Stuffed with Plums and Vanilla Custard,
Mini Cheese Strudels with Steamed Cabbage,
Meatballs with Apple Rings and Mashed Potatoes with Beets,
Asparagus and Broccoli Tart,
Cherry Tomato and Rosemary Galette,
Asparagus Ragout,
Asparagus Quiche,
Mushroom and Mozzarella Quiche with Pine Nuts,
Asparagus and Salmon Quiche,
Venetian Frittata with Noodles and Vegetables,
Cabbage Tart with Goat Cheese,
Chestnut and Fig Tart with Cheese,
Cabbage and Bacon Quiche,
Leek Quiche with Arugula,
Zucchini Quiche,
Frittata with Ham and Pecorino Cheese,
Quiche Lorraine,
Pumpkin Quiche with Feta and Red Onion,
Leek Quiche,
Mini Bell Pepper & Eggplant Quiches,
Mini Sweet Potato and Beet Quiche,
Spinach and Salmon Quiche,
Vegetable quiche with tomatoes and cauliflower,
Quiche Lorraine,
Quiche a La Lorraine,
Mini Salmon Quiche,
"Pear Tart with Blue Cheese, Hazelnuts and Thyme",
Tomato and Prosciutto Tart,
Green Bean Quiche with Parmesan,
Pumpkin Quiche with Smoked Mozzarella,
Vegetarian Mini Quiches,
Leek Cake with Dried Tomatoes,
Tomato Tart with Balsamic and Fresh Herbs,
"Broccoli, Tomato and Bacon Quiche",
Asparagus Quiche with Strawberries,
Tuna and Vegetable Quiche,
Potato Cheesecake,
Spinach Quiche with Parsnip and Feta,
Salmon and Scallion Quiche,
Bacon Quiche,
Tomato and Arugula Tart,
Bacon and Leek Quiche,
Mushroom and Bacon Quiche,
Asparagus Quiche with Salmon,
Vegetable Quiche,
Sauerkraut Tart,
Tomato Quiche,
Bacon and Onion Tart,
Provençale-style Quiche,
Vegetarian Vegetable Tart,
Quiche with Salmon and Pears,
Quiche with Pancetta and Sauerkraut,
Savoury Tart with Cheese,
"Ground Lamb, Bacon and Salami Quiche",
Mini Quiches with Chicken and Mushroom,
Quiche with Bacon and Onion,
Spicy Mini Quiches with Feta,
Vegetable Filo Pie,
Quiche with Rapini and Bacon,
Meat and Vegetable Quiche,
Quiche with Mushrooms and Dried Tomatoes,
Bacon and Onion Casserole,
Swiss Potato Quiche,
"Shrimp, Leek and Celery Quiche",
Vegetable Tart,
"Broccoli, Sausage and Tomato Tart",
Asparagus Quiche,
Asparagus Quiche,
"Leek, Apple and Cabbage Quiche",
Asparagus Tart,
Leek and Ham Quiche,
Mixed Vegetable Quiche with Pepitas,
Baked Autumn Vegetable Quiche,
Potato Kugel,
Swiss Chard Quiche,
Quiche Lorraine,
Mediterranean Veggie Quiche,
Goat Cheese and Fig Tart,
Vegetable Tartlets,
Herb Tart with Walnuts,
Vegetarian Broccoli and Cauliflower Quiche,
Vegetarian Quiche,
Spinach Feta Quiche,
Roquefort Quiche,
Spinach Quiche with Feta and Mushrooms,
Brussels Sprouts Quiche,
Asparagus Frittata,
Cauliflower Broccoli Tarts with Almonds,
Wild Garlic (or Leek) Tomato Quiche,
Onion and Goat Cheese Quiche,
Egg and Vegetable Bake,
Asparagus Tartlets,
Vegan Vegetable Quiche,
Low Calorie Smoked Salmon and Egg Tartlets,
Pumpkin Quiche,
Swiss Chard and Bacon Quiche,
Small Pies with Carrots and Ground Meat,
Quiche with Onions and Cheese,
Cheese and Bacon Egg Bake,
Pizza Calzone,
Calzone Stuffed with Mushrooms and Ham,
Grain Pastry Calzone,
Ham and Cheese Calzone,
Spinach and Cheese Calzones,
Calzone with Ricotta and Ham,
"Ham, Cheese, Pepper and Pea Calzone",
"Spinach, Cheese, and Tomato Calzones",
Salami and Mushroom Calzones,
Savory Apple Calzones,
Calzone,
Swiss Chard Calzone,
Calzone with Ham Filling,
Vegetarian Calzones,
Vegetable Calzone,
"Calzone Filled with Mozzarella, Tomatoes, and Spinach",
Smoked Salmon Calzone,
Spinach Calzone,
Eggplant Lasagna,
Salmon Lasagna,
Eggplant Summer Squash Lasagna,
Spinach and Tomato Lasagna,
Lasagna with Spinach and Tomato Sauce,
Mushroom Lasagna,
Lasagna with Zucchini and Pine Nuts,
Vegetable Lasagna,
Lasagna with Mushrooms,
Vegetable Lasagna,
Lasagna with Spinach and Tomatoes,
Vegetarian Lasagna with Tomatoes and Spinach,
Spinach Lasagna,
Vegetarian Lasagna with Spinach and Carrots,
Spinach and Tomato Lasagna,
"Lasagna with Shrimp, Calamari and Spinach",
Sauerkraut and Pancetta Lasagna,
Spinach and Potato Lasagna with Béchamel Sauce,
Fish and Spinach Lasagna,
Green Lasagna with Peas and Green Asparagus,
Vegetarian Lasagna,
Potato Lasagna with Mushrooms,
Fish Lasagna,
Vegetable Lasagna,
Lasagna,
Pumpkin Lasagna with Sour Cream,
Vegetable Lasagna,
Meat Lasagna,
Meat Lasagna,
Pumpkin Lasagna,
Vegetable Lasagna,
Vegetable Lasagna,
Vegetable Lasagna,
Fish Lasagna,
Beef Lasagna,
Cabbage Lasagna,
Spinach Lasagna,
Vegetable Lasagna,
Chicken Lasagna,
Turkey Lasagna,
Kale Lasagna,
Vegetable Lasagna,
Kale Lasagna,
Vegetable Lasagna,
Pumpkin Lasagna,
Asparagus-Truffle Lasagna,
Zucchini Lasagna,
Asparagus Lasagna,
